epochs,loss,forward_loss,seed accuracy,seed precision,seed recall,accuracy,precision,recall,accuracy_rec,precision_rec,recall_rec,time
0,-46.1090350151062,3.3473357558250427,0.5194772344013491,0.10435966787827829,0.5050847457627119,0.554806070826307,0.3786459927582283,0.8191633000639008,0.9815789473684211,0.38235294117647056,0.5878486538927965,45.716713399999996
1,-46.17747783660889,3.3690832555294037,0.5248735244519394,0.10872748056292361,0.5245762711864407,0.5487352445193929,0.37359096062018343,0.806676000789194,0.981860902255639,0.3891402714932127,0.5964683745838761,43.198125899999994
2,-46.301493644714355,3.338528424501419,0.5243676222596965,0.10695642961348517,0.514406779661017,0.5564080944350759,0.3794084592263175,0.8180805420048409,0.9820018796992481,0.3922871246400658,0.6006944444444444,43.4541727
3,-46.442463397979736,3.2962414622306824,0.525548060708263,0.10583411081084683,0.5059322033898305,0.55893760539629,0.38101305996312246,0.8193526251991307,0.9822368421052632,0.3977272727272727,0.6070046439628483,42.74960300000001
4,-46.581220626831055,3.2621605694293976,0.5300168634064081,0.10990799957880693,0.5245762711864407,0.5664418212478921,0.3867619304394716,0.8290797073134176,0.9817669172932331,0.38636363636363635,0.5905572755417956,43.40329410000001
5,-46.705732345581055,3.2491381466388702,0.5303541315345699,0.10970821678027626,0.5228813559322034,0.5678752107925801,0.3878334857799548,0.8303774709396958,0.9822368421052632,0.3977272727272727,0.609160268009977,47.38303300000001
6,-46.84226989746094,3.2319581508636475,0.5328836424957841,0.11113544954688931,0.5279661016949153,0.5704047217537943,0.38963820300806046,0.8330554753077504,0.9824248120300751,0.4022727272727273,0.6162587412587412,43.89425320000004
7,-46.85947895050049,3.342975527048111,0.5290893760539629,0.10507727901724856,0.4966101694915254,0.5489881956155143,0.3721040922113226,0.7918163298128987,0.981954887218045,0.39090909090909093,0.598069498069498,44.11835679999996
8,-47.08083629608154,3.2602599263191223,0.5353288364249578,0.10989164767502299,0.5169491525423728,0.5600337268128162,0.3805192249793159,0.8079872579831192,0.9830827067669172,0.4178082191780822,0.6363768115942029,44.437477
9,-47.26588249206543,3.2254861295223236,0.534991568296796,0.10740373741167406,0.502542372881356,0.5678752107925801,0.386412217297354,0.8168316219948601,0.9816729323308271,0.38294089177871765,0.5797118963600328,46.90766309999998
10,-47.50100612640381,3.1537270545959473,0.5424114671163575,0.11369701605274507,0.5296610169491526,0.5814502529510961,0.3970842489224906,0.8380666731038477,0.9822838345864662,0.397284092848609,0.5989692225409637,44.82425950000004
11,-47.62029409408569,3.2125601172447205,0.5383642495784149,0.10704301164556093,0.4957627118644068,0.5681281618887015,0.3858714184010701,0.8105154672248822,0.9825657894736842,0.4028344521960423,0.5971445109010225,42.39192000000003
12,-47.8828239440918,3.14463347196579,0.5420741989881956,0.1099284646162551,0.5076271186440677,0.5823777403035413,0.3971174622517565,0.8328766348190181,0.9821428571428572,0.392018779342723,0.5797118963600328,43.994619599999965
13,-48.08190584182739,3.1582681834697723,0.5453625632377741,0.11286735049167494,0.5203389830508475,0.5775716694772344,0.39312344656172327,0.8223771083371201,0.9825657894736842,0.4022721233058729,0.5932330827067669,44.8897257000001
14,-48.330276012420654,3.1425437331199646,0.5432546374367622,0.10906097542370757,0.5008474576271187,0.5786677908937605,0.3936890786475596,0.8209496180963571,0.9824718045112781,0.39901828029790115,0.5847063384376817,43.39973009999994
15,-48.6151909828186,3.111664801836014,0.5490725126475549,0.11420980523988797,0.5228813559322034,0.5834738617200674,0.39737576368640154,0.8261290217453295,0.9825187969924812,0.4,0.5835866261398176,42.83969939999997
16,-48.950533866882324,3.053714334964752,0.5505902192242833,0.11373790022338048,0.5177966101694915,0.5942664418212479,0.4057803129991373,0.8406283029650196,0.9822368421052632,0.3918269230769231,0.565292262915353,43.39773130000003
17,-49.16596174240112,3.1401893496513367,0.5461214165261383,0.10726643018554156,0.4864406779661017,0.5749578414839798,0.3895706892317296,0.8045650565362923,0.9834586466165414,0.4227053140096618,0.6069490211281257,41.873012700000004
18,-49.50982332229614,3.1242021918296814,0.5523608768971333,0.11273282947293395,0.5093220338983051,0.5766441821247892,0.3906397827150072,0.8047192563473831,0.9833176691729324,0.4181013868962219,0.5943050193050193,41.18662260000008
19,-49.89091634750366,3.0978360772132874,0.5537942664418213,0.11207476093596988,0.5033898305084745,0.5827993254637437,0.3953985145352114,0.8102172571535892,0.9828477443609023,0.40547425866898484,0.572561919504644,42.40106979999996
20,-50.34437656402588,3.0269403755664825,0.554468802698145,0.11180476730987514,0.5008474576271187,0.596964586846543,0.4069744901127177,0.832776766360349,0.9830827067669172,0.4117647058823529,0.5833333333333333,49.222313299999996
21,-50.69258689880371,3.0898019671440125,0.5537099494097808,0.1088052318958762,0.4847457627118644,0.5836424957841484,0.3954767942861744,0.8039539824067979,0.9827537593984963,0.40198541728249093,0.5641707352443563,46.21667530000002
22,-51.175100803375244,3.046508878469467,0.558768971332209,0.11362966855417314,0.5050847457627119,0.5898819561551434,0.399502660785756,0.8041507198222184,0.9828947368421053,0.40404040404040403,0.5550680122860904,48.07130529999995
23,-51.662437915802,3.026960641145706,0.5612984822934233,0.11590536454090122,0.514406779661017,0.5956998313659359,0.40423822514823504,0.8126088658185374,0.9826597744360903,0.3980254809400538,0.5491486068111455,48.44370210000011
24,-52.15171813964844,3.0330662429332733,0.5615514333895447,0.11464965905381921,0.5067796610169492,0.5957841483979764,0.40406634595931656,0.8092068223215765,0.9824248120300751,0.39086294416243655,0.5340594155686293,48.987113300000146
25,-52.69378662109375,3.0136993527412415,0.5658516020236087,0.11814312372263855,0.5203389830508475,0.5961214165261383,0.4039918520123243,0.8079777147160878,0.9827067669172932,0.3979591836734694,0.5422729250253783,49.55476470000008
26,-53.187806606292725,3.0679184198379517,0.5647554806070827,0.11638047786046246,0.5118644067796609,0.5854974704890388,0.3946336395407385,0.7866930239103902,0.9829417293233083,0.4040685504971219,0.5487904978030997,49.25475920000008
27,-53.82646083831787,3.0022209882736206,0.5676222596964586,0.11788617886178862,0.5161016949152543,0.5971332209106239,0.40433296378418326,0.8030040056751242,0.9826597744360903,0.3943062827225131,0.5242028985507245,44.4072498999999
28,-54.39913749694824,3.0255210399627686,0.5655143338954469,0.11479527760623115,0.5016949152542374,0.592495784148398,0.4000863164248991,0.7930129988312768,0.9825187969924811,0.3894736842105263,0.5164662576687117,40.30907719999982
29,-55.007474422454834,3.0345164239406586,0.5656829679595279,0.11439265376472832,0.4991525423728813,0.5896290050590219,0.39748243320358745,0.7870202561756328,0.9823308270676692,0.38421052631578945,0.5067538126361655,45.06452950000016
30,-55.7550311088562,2.9236561059951782,0.5725969645868465,0.12072586948026573,0.5245762711864407,0.609274873524452,0.4143163423558309,0.8189110301099148,0.9821898496240602,0.38121727748691103,0.507019829208279,43.2956850999999
31,-56.34901285171509,2.9833494126796722,0.568043844856661,0.11380830279218584,0.4923728813559322,0.598566610455312,0.4048012575004344,0.7978477111280577,0.9830827067669172,0.4052631578947368,0.5345559845559846,42.09913920000008
32,-57.123703956604004,2.877752035856247,0.5733558178752107,0.11841727331253404,0.5101694915254237,0.6176222596964587,0.4211815024590355,0.8288008389275201,0.9826597744360903,0.393744833287407,0.5207377721983487,41.94667930000014
33,-57.726266384124756,2.956801950931549,0.5769814502529511,0.121520456784327,0.5220338983050847,0.6015177065767285,0.40685638835094906,0.796375321728271,0.9826597744360903,0.39313561681982734,0.5178571428571428,44.61690120000003
34,-58.446054458618164,2.928813248872757,0.5790050590219225,0.12269919476124827,0.5254237288135593,0.6048903878583474,0.40934181727229796,0.7991754848124524,0.9830827067669172,0.40476190476190477,0.5312077947134863,50.0231953
35,-59.15907144546509,2.9157158732414246,0.580185497470489,0.12379191331557324,0.5296610169491525,0.6042158516020236,0.4086566828927398,0.7961699555104277,0.9829417293233083,0.4010303536619326,0.5282964249529599,47.25726500000019
36,-59.88422155380249,2.896743267774582,0.5747892074198988,0.11684191471611391,0.49915254237288137,0.6100337268128162,0.41374275907894004,0.8030239197174942,0.9826597744360903,0.393648387985671,0.5221445221445221,48.098768300000074
37,-60.599327087402344,2.891135960817337,0.5807757166947723,0.12200290014100071,0.5186440677966102,0.609106239460371,0.4126794389677346,0.8010383251871507,0.9831296992481203,0.40687517222375313,0.537999130896625,46.85240429999999
38,-61.345767974853516,2.855514883995056,0.5827150084317032,0.12196570041886155,0.5152542372881356,0.615177065767285,0.4176288048455361,0.8055545086468676,0.9835526315789473,0.418848167539267,0.5567939523163403,49.162024599999995
39,-62.05505132675171,2.8562088310718536,0.5854131534569983,0.12366387539661446,0.5203389830508475,0.6163575042158516,0.4185201758830277,0.8054279371275344,0.9825187969924812,0.38888888888888884,0.5115384615384615,47.30947930000002
40,-62.77101278305054,2.8481802344322205,0.5884485666104553,0.12502299400316397,0.5228813559322034,0.616779089376054,0.4186430039061618,0.8061263455771812,0.9828947368421053,0.39893617021276595,0.5226190476190475,45.5477472
41,-63.45574140548706,2.866864949464798,0.5882799325463743,0.12345037647599935,0.514406779661017,0.6133220910623947,0.4154124021673691,0.7968488434617083,0.9831766917293233,0.40691489361702127,0.5321283194417523,45.95375080000008
42,-64.20361757278442,2.8166794776916504,0.5865092748735244,0.11999935360255787,0.49830508474576274,0.622849915682968,0.42370302524914216,0.8107602551928882,0.9828947368421053,0.39893617021276595,0.5223749205262386,46.06110510000008
43,-64.91410970687866,2.796521484851837,0.5962057335581787,0.13045226240244795,0.5398305084745763,0.6223440134907251,0.42310002888437137,0.8075214204976837,0.9828477443609023,0.3967569432465068,0.5138996138996139,43.75910399999998
44,-65.62155961990356,2.7707496285438538,0.5928330522765599,0.12620566928160848,0.5220338983050847,0.6250421585160202,0.4253508699368572,0.8103971531922396,0.9828007518796993,0.39454768583450206,0.507468458452168,40.287371799999846
45,-66.28374338150024,2.7806223928928375,0.5909780775716695,0.1230172616554897,0.5076271186440678,0.6270657672849915,0.4272200459585756,0.8147759586795443,0.9824248120300751,0.3837837837837838,0.49286991830618265,45.800588499999776
46,-66.97190761566162,2.7539336681365967,0.592327150084317,0.12296283280824988,0.5050847457627119,0.6302698145025295,0.42976584727253875,0.8157612975387758,0.9833646616541354,0.4107643758765779,0.527706775982638,43.892444799999794
47,-67.63750553131104,2.738206833600998,0.5905564924114671,0.12040438542015,0.49406779661016953,0.6324620573355818,0.4317204674849878,0.8185308292335307,0.9831296992481203,0.402720230589083,0.5104166666666667,41.843457599999965
48,-68.24878931045532,2.764594554901123,0.5983136593591906,0.12897934556186172,0.5279661016949153,0.6284148397976391,0.428073418664438,0.8123097229566248,0.9824248120300751,0.3825136612021858,0.4860380998312033,43.05644610000036
49,-68.89940738677979,2.738989293575287,0.5978920741989882,0.12730480240853687,0.5194915254237288,0.6313659359190557,0.4306190911863373,0.8164206679211552,0.9828477443609023,0.3945535338977962,0.5002898550724638,46.544403599999896
50,-69.55026149749756,2.699761390686035,0.6025295109612141,0.13141498689085646,0.5338983050847458,0.6398819561551433,0.43805681404653674,0.8266412555185698,0.9825187969924811,0.3859695761335106,0.49283543204515845,45.6011497999998
51,-70.14420747756958,2.7037563920021057,0.6074198988195616,0.13518111619540635,0.5457627118644067,0.6381112984822934,0.4362948850954369,0.8211136697230854,0.9825187969924811,0.38648648648648654,0.4960407512915842,45.223044800000025
52,-70.72573184967041,2.7061639726161957,0.6080944350758853,0.13509685455626308,0.5440677966101695,0.633558178752108,0.4318742293464858,0.809200301294041,0.9826127819548872,0.3897849462365591,0.5031645569620253,45.0222189000001
53,-71.29892826080322,2.7034741640090942,0.6081787521079258,0.13389844237004672,0.5372881355932204,0.6372681281618887,0.4348623440135492,0.8099333447251154,0.9825187969924812,0.38524590163934425,0.49029501231229783,45.030954100000145
54,-71.90094947814941,2.6571914553642273,0.6102866779089375,0.13460743712243167,0.5372881355932203,0.6464586846543001,0.443069451797922,0.8234593008886427,0.9825187969924811,0.3839779005524862,0.48229789697086634,45.10715549999986
55,-72.4487829208374,2.6512716710567474,0.6084317032040472,0.1302285904207558,0.5169491525423728,0.6447723440134907,0.44127191736753374,0.815466762438507,0.9828947368421053,0.39444444444444443,0.49212775528565,45.1245042999999
56,-72.97874689102173,2.6488520205020905,0.6107082630691401,0.13161798169157712,0.5203389830508475,0.6450252951096122,0.44125056091076925,0.8114716532541361,0.9833176691729324,0.4062519615843324,0.5029024767801857,44.543629999999666
57,-73.47365856170654,2.667500376701355,0.6096964586846543,0.12969788148535055,0.5118644067796609,0.6404721753794267,0.4369841729330103,0.8030868834591853,0.9826127819548872,0.384180790960452,0.4725062704997106,44.67388630000005
58,-74.01151657104492,2.6291249692440033,0.6123946037099494,0.13250644792578148,0.5220338983050847,0.646795952782462,0.44283668769697365,0.8136456680927431,0.9829417293233083,0.39553072625698327,0.49303110682421025,44.42518079999991
59,-74.51767444610596,2.6090244948863983,0.6129005059021922,0.13219801541827275,0.5194915254237288,0.6513490725126476,0.4469178382000599,0.8194671707624449,0.9830827067669172,0.3994413407821229,0.4990275684348714,44.242001600000094
60,-74.96914625167847,2.6294875144958496,0.616779089376054,0.13605701781310686,0.5330508474576271,0.6473861720067453,0.4431280392036873,0.8103159273400162,0.9828947368421053,0.3933339645866869,0.4861003861003861,43.32549030000018
61,-75.4334831237793,2.623640298843384,0.6187183811129848,0.13720904143346146,0.535593220338983,0.6455311973018549,0.4412507245017472,0.8052227588685196,0.9824718045112781,0.37886363636363635,0.4618808049535604,45.10209990000021
62,-75.89929819107056,2.6028557121753693,0.61964586846543,0.13643774809973663,0.5296610169491526,0.6526981450252951,0.44791005710260606,0.8149737529419143,0.9828007518796993,0.38857142857142857,0.47173451668917615,43.34580950000009
63,-76.32818937301636,2.606089264154434,0.6234401349072514,0.13969302767937114,0.5398305084745763,0.6472175379426643,0.4425768116191279,0.8044895888905055,0.9825187969924812,0.3793103448275862,0.45853234910985674,43.96960119999994
64,-76.8230676651001,2.5305529683828354,0.621247892074199,0.13620386643233742,0.5254237288135593,0.6625632377740304,0.4569377990430622,0.8273269114990969,0.9839755639097745,0.42301875378100423,0.5067917049354668,43.05314360000011
65,-77.22840309143066,2.5314538180828094,0.6215008431703204,0.13565590878900552,0.5220338983050847,0.6608768971332208,0.4553073473731074,0.8243697040959836,0.9830827067669173,0.3953488372093023,0.4729420917002966,43.876642100000026
66,-77.56689310073853,2.587258219718933,0.6212478920741991,0.1334700812158967,0.5110169491525424,0.6513490725126475,0.4461587897072541,0.8057620085001738,0.9828007518796993,0.3846153846153846,0.45130548937618514,43.54751039999974
67,-77.97668695449829,2.5593818724155426,0.6240303541315346,0.1349326193663543,0.5135593220338983,0.6538785834738617,0.44831515522609994,0.8066318326895356,0.9830827067669173,0.39285714285714285,0.45913043478260873,42.788638999999876
68,-78.3774185180664,2.528476268053055,0.6277403035413154,0.13854689371976625,0.5254237288135593,0.6597807757166947,0.45378804896231856,0.8124319669135135,0.9832706766917294,0.3991946778711485,0.47157749803304483,42.66064030000007
69,-78.68474960327148,2.5793229043483734,0.6284991568296796,0.13882669055082847,0.5254237288135594,0.647133220910624,0.4415629238494374,0.7888488104271629,0.9837875939849624,0.41639146886824907,0.493546671822884,42.74949649999962
70,-79.12623405456543,2.484496906399727,0.6330522765598652,0.1450352021450897,0.5491525423728814,0.6670320404721755,0.46068697964270533,0.8232854719953295,0.9834586466165414,0.4057579847053531,0.47887323943661975,42.83328540000002
71,-79.47010040283203,2.475765198469162,0.6349072512647556,0.14590597785157217,0.55,0.6677065767284991,0.4612593666802025,0.8237284717271397,0.9831766917293233,0.3969168483338524,0.46940559440559443,42.930885200000375
72,-79.78842258453369,2.481599748134613,0.6292580101180438,0.13749112101908756,0.5169491525423728,0.6650927487352445,0.45866042200365786,0.8171266993620561,0.9836936090225563,0.41196179070430566,0.47935558556820373,42.72164049999992
73,-80.14489650726318,2.438628077507019,0.6367622259696458,0.14598932059367925,0.5466101694915254,0.6731871838111299,0.4662961816983463,0.8275583491047169,0.9838815789473685,0.4169404892296459,0.479503645405823,43.034023199999865
74,-80.45562267303467,2.4304892122745514,0.636424957841484,0.14409197191982892,0.5372881355932203,0.6732715008431703,0.466215683850391,0.8257551396660021,0.9834116541353384,0.4017889740781307,0.4618055555555556,42.712211000000025
75,-80.70600509643555,2.4721089750528336,0.6338111298482294,0.13983424802301309,0.5203389830508475,0.6686340640809444,0.4617396991497711,0.8157191295879669,0.9834586466165414,0.4024390243902439,0.45792091159287335,42.88051289999976
76,-81.03639125823975,2.4235475808382034,0.6411467116357503,0.14868735850568648,0.5516949152542373,0.6752107925801012,0.4680728413992373,0.8276203328834908,0.9833176691729323,0.3961544360095085,0.4463021243115657,43.37020070000017
77,-81.30609512329102,2.4258629977703094,0.6393760539629005,0.14508424351462995,0.5364406779661017,0.6747048903878583,0.46746944442284577,0.821720777346171,0.9837875939849624,0.4117782378651944,0.46224228670754675,43.99893810000003
78,-81.5436315536499,2.450394257903099,0.6381112984822934,0.14328156139893541,0.5296610169491526,0.6676222596964587,0.46054140353497275,0.809854308426009,0.9833646616541354,0.39671471541857106,0.4404181352904254,44.1432235999996
79,-81.8404483795166,2.4059443920850754,0.6417369308600338,0.1460228274112842,0.5364406779661017,0.6777403035413154,0.4703371995237776,0.8240598341944011,0.9832236842105263,0.390389421914053,0.42679738562091507,43.53258030000006
80,-82.05605030059814,2.433009445667267,0.6457841483979765,0.15059089288244512,0.5516949152542373,0.6706576728499156,0.4632414124524377,0.8080821324620548,0.9841165413533834,0.41840396445659606,0.44562899786780386,43.17280789999995
81,-82.3687744140625,2.3540274053812027,0.6449409780775717,0.14796667829276,0.5398305084745763,0.6845699831365937,0.47696020441962805,0.8298904997559755,0.9838345864661654,0.40789473684210525,0.430308293530178,43.712056400000165
82,-82.57388114929199,2.3734841495752335,0.646795952782462,0.14921741815398532,0.5423728813559322,0.6783305227655987,0.47067015697300724,0.8168578648250604,0.9841635338345864,0.4207792207792208,0.4512095021969002,43.68899859999965
83,-82.79171943664551,2.3710813373327255,0.6427487352445194,0.14177802549407906,0.5127118644067796,0.6827150084317033,0.47495615054626916,0.8217579843040954,0.9837406015037593,0.40645161290322585,0.4367125411901531,43.01064570000017
84,-82.9718017578125,2.3979201912879944,0.6499156829679595,0.14870039810284144,0.5330508474576272,0.6764755480607083,0.4684911452423407,0.8063059014039015,0.9836466165413533,0.40384615384615385,0.43785952530574757,44.07779560000017
85,-83.22758674621582,2.3405465483665466,0.6529510961214164,0.1519679038103546,0.5432203389830508,0.6860033726812816,0.4779298820583232,0.820140087761963,0.9843515037593985,0.4268313385960445,0.4572310405643739,43.29297850000012
86,-83.40208053588867,2.3563233017921448,0.6554806070826307,0.15404761904761904,0.5483050847457627,0.6840640809443508,0.4758653504984854,0.8122720818407719,0.9833176691729324,0.39081996434937616,0.41641337386018235,43.74462110000013
87,-83.60884189605713,2.331707999110222,0.6513490725126475,0.14762806048088573,0.5245762711864407,0.6869308600337268,0.47879134056811123,0.8182982777608454,0.9840695488721805,0.41751152073732717,0.44809521510308536,43.146158000000014
88,-83.80938529968262,2.305275574326515,0.6578414839797639,0.15524529374476098,0.5491525423728814,0.6902192242833052,0.48205822613405547,0.8219701420587215,0.9842105263157894,0.42105263157894735,0.4445301948678372,43.57040499999994
89,-83.93528938293457,2.345825284719467,0.6586003372681282,0.1547537236973257,0.5449152542372881,0.6851602023608769,0.47690582128097925,0.8098741856711928,0.9840695488721805,0.4163441692466461,0.440801852655956,43.89596459999984
90,-84.11000728607178,2.3302778601646423,0.6580101180438449,0.15232140372701308,0.5338983050847458,0.684991568296796,0.4766383736804376,0.8097340027615776,0.9843984962406015,0.42857142857142855,0.45975733552472564,44.04821519999996
91,-84.31193351745605,2.2802118957042694,0.6607925801011805,0.1557283161589429,0.5449152542372881,0.695531197301855,0.487285786363737,0.8247926403302663,0.9841165413533834,0.41776315789473684,0.4407764649143959,43.436062299999776
92,-84.447922706604,2.2888290137052536,0.6590219224283305,0.15209332854822258,0.5305084745762711,0.6943507588532885,0.48606443962412754,0.8212839461667869,0.9841635338345864,0.41869757174392935,0.4382284382284382,42.58939659999942
93,-84.62374210357666,2.2510556131601334,0.6630691399662731,0.1567541411739703,0.5449152542372881,0.7,0.4918177330386703,0.8294719639938919,0.9839285714285715,0.4105960264900662,0.42903680653474013,43.91777259999981
94,-84.68605518341064,2.31968492269516,0.6639966273187183,0.15566136685859783,0.5372881355932204,0.6851602023608769,0.4765531947785584,0.8015173640977157,0.9838815789473684,0.4092671662600209,0.4310144927536232,43.31188320000001
95,-84.82903957366943,2.3015768826007843,0.668212478920742,0.1604623734936128,0.5516949152542372,0.6883642495784148,0.47981026153381456,0.8031344371550557,0.9837406015037593,0.4033333333333333,0.423721340388007,42.83790250000038
96,-84.97761249542236,2.271387130022049,0.6662731871838111,0.15618147868672388,0.5347457627118644,0.6921585160202361,0.48366531007404484,0.808228202971685,0.9846334586466166,0.43532008830022073,0.4548846675712347,43.10460469999998
97,-85.12882709503174,2.232406437397003,0.6691399662731872,0.158711575170491,0.5406779661016949,0.7025295109612142,0.49420401003381326,0.8216514041514041,0.9833176691729324,0.38948675496688745,0.41073851521612714,43.33905440000035
98,-85.17552375793457,2.292262464761734,0.6682967959527825,0.15677857432545267,0.5330508474576271,0.6893760539629006,0.4807101607973557,0.7984654637566769,0.9835526315789473,0.39806518633943644,0.42018326501085124,42.43112360000032
99,-85.30484199523926,2.2638826817274094,0.6682967959527825,0.15540540540540543,0.5262711864406779,0.6950252951096121,0.4865098392531737,0.807438115837539,0.9832236842105263,0.38788200339558576,0.41304557511454065,42.836182400000325
100,-85.4585075378418,2.205463796854019,0.6686340640809443,0.15590602977764462,0.5279661016949153,0.7039629005059023,0.49573313022071996,0.8221248968671648,0.9842105263157894,0.42105263157894735,0.4457516339869281,43.05352949999997
101,-85.49215316772461,2.2619646787643433,0.6691399662731872,0.15510222136841148,0.5228813559322034,0.6965430016863406,0.4880493474172995,0.8072546218529615,0.9832236842105263,0.3844519015659955,0.39820096533567356,42.91548370000055
102,-85.66224098205566,2.177022248506546,0.6737774030354131,0.16244120126916506,0.5483050847457627,0.7103709949409781,0.5023827961712849,0.829664020725883,0.9841165413533834,0.41553668447244674,0.42712804436942364,43.36511059999975
103,-85.76132774353027,2.1580880135297775,0.6720910623946037,0.15924522980864553,0.5364406779661017,0.7124789207419899,0.5045271184542611,0.8335444120139851,0.9838345864661654,0.40604026845637586,0.4204730229120473,43.94314959999974
104,-85.76498508453369,2.2300568968057632,0.6690556492411468,0.15454330286844348,0.5203389830508475,0.7021079258010119,0.49378798596792584,0.8156771329359771,0.9836466165413533,0.3993288590604027,0.4140701071080818,44.77178139999978
105,-85.92174053192139,2.144315615296364,0.6756323777403035,0.16231447414590905,0.5432203389830508,0.7140809443507589,0.5061151437727991,0.8320027947038071,0.9843984962406015,0.4261744966442953,0.4410144927536232,43.20020260000001
106,-85.89142322540283,2.2414925694465637,0.6736930860033726,0.1570604235578023,0.5220338983050847,0.6958684654300169,0.48711064974734364,0.798382340263938,0.9840225563909775,0.41174564975934835,0.42008513931888547,43.27325660000042
107,-86.07744216918945,2.118022069334984,0.6750421585160202,0.15858018386108275,0.5262711864406779,0.721079258010118,0.5135847343821506,0.838644441103914,0.9833176691729323,0.38570496691827416,0.3946370399183157,41.93569259999913
108,-86.15665435791016,2.0976803451776505,0.678752107925801,0.16505387505968816,0.5491525423728814,0.7230185497470489,0.5156281711363281,0.8431373432454757,0.9840695488721805,0.4132573319849223,0.4239315408178149,42.73375589999978
109,-86.10862731933594,2.20065675675869,0.6766441821247892,0.16074551331988465,0.5330508474576271,0.7035413153456997,0.4952279957582184,0.8094084769445737,0.9838815789473684,0.4080089485458613,0.42436386461300757,44.19140430000061
110,-86.23161792755127,2.1293122321367264,0.6792580101180439,0.16255690460137406,0.535593220338983,0.7155986509274874,0.5079325278171651,0.8265496422361642,0.9841635338345864,0.41803131991051456,0.4355633973026538,43.52664789999926
111,-86.26046180725098,2.1484799683094025,0.6790050590219224,0.15997782716986553,0.5237288135593221,0.711973018549747,0.5040788953851856,0.8161576548688073,0.9841635338345864,0.4180536912751678,0.4340277777777778,43.34733520000009
112,-86.36474609375,2.0891637355089188,0.6879426644182125,0.17081519010825913,0.5542372881355933,0.7211635750421586,0.5138879277954875,0.8293237901933554,0.9843984962406015,0.42666666666666664,0.444880174291939,43.75877899999978
113,-86.34558200836182,2.1502793580293655,0.6877740303541315,0.16671008355027817,0.5347457627118644,0.7113827993254638,0.5034642107825946,0.8044692008923556,0.9844454887218045,0.4290911467410248,0.4520123839009288,42.30797210000037
114,-86.40915393829346,2.1256444603204727,0.68929173693086,0.16926293223910022,0.5432203389830509,0.7166947723440135,0.5092491838955386,0.8123422712933754,0.9844924812030075,0.43137254901960786,0.4589732338745064,42.32747860000018
115,-86.39805316925049,2.172923982143402,0.6868465430016863,0.16622196313568732,0.5347457627118644,0.705733558178752,0.4974785176337879,0.792767451891319,0.9842575187969924,0.42330871742636444,0.45018414421399494,43.43515269999989
116,-86.53298377990723,2.0716379582881927,0.6919898819561552,0.17451886034200825,0.561864406779661,0.7220910623946037,0.5150144717800289,0.8223626945772033,0.9843984962406015,0.4285714285714286,0.4574303405572755,43.198748499999965
117,-86.58571720123291,2.050148919224739,0.6881956155143338,0.16710767699139792,0.535593220338983,0.7278246205733558,0.521270617707166,0.8290416039286755,0.9841635338345864,0.420337832102538,0.4497914110429448,42.879975799999556
118,-86.54476165771484,2.120181769132614,0.6917369308600337,0.17249046009083174,0.5525423728813559,0.7162731871838112,0.5088156909562318,0.8067539941706698,0.9843515037593985,0.42577988846287906,0.44786592717627205,42.92104769999969
119,-86.62474155426025,2.067122161388397,0.6881956155143338,0.16902431034983187,0.5449152542372881,0.7241146711635751,0.5172892567130369,0.8225676152446015,0.9837875939849624,0.4041583529838564,0.4164443366480718,42.05307830000038
120,-86.57171249389648,2.1448996663093567,0.6884485666104553,0.16812612457991072,0.5398305084745763,0.7104553119730186,0.5025194339832681,0.8012825561681507,0.9834586466165414,0.3926174496644295,0.40652173913043477,42.18701820000024
121,-86.66571617126465,2.0739084482192993,0.6913996627318718,0.171784012705135,0.55,0.722849915682968,0.5159243183349077,0.8190870232741952,0.9843045112781954,0.4228187919463087,0.43752114854739693,42.72254249999969
122,-86.7184066772461,2.042321339249611,0.6922428330522765,0.17310746426680784,0.5542372881355933,0.7295952782462057,0.5232617935869157,0.828853298792378,0.9840695488721805,0.4163011695906432,0.4409722222222222,42.921183700000256
123,-86.65242671966553,2.1276845782995224,0.6929173693086004,0.1726071391486926,0.55,0.7118887015177066,0.5041584250439212,0.7971604849365861,0.9834116541353384,0.39625183733463987,0.4305010893246187,42.75205459999961
124,-86.7613172531128,2.036745995283127,0.6940134907251265,0.17232533626635504,0.5457627118644068,0.7318718381112985,0.5258080273877481,0.8276361246160691,0.9829417293233083,0.38024661113833086,0.4131884057971015,42.47763480000049
125,-86.70363426208496,2.110920697450638,0.6956998313659359,0.17202773825088696,0.5398305084745763,0.7137436762225969,0.5061016526968277,0.7929917831128988,0.9839285714285715,0.41220746363061356,0.44139494501254095,42.36625749999985
126,-86.82452201843262,2.0051509141921997,0.7005902192242833,0.17863884332986496,0.5584745762711865,0.7354974704890387,0.5301351295678326,0.8268643702616447,0.9839755639097745,0.4136957813428402,0.4409693754521341,42.32990570000038
127,-86.77963733673096,2.0639900118112564,0.7006745362563238,0.17798755847931194,0.5550847457627118,0.7186340640809443,0.5115936222165169,0.7963695140124021,0.9843984962406015,0.4275635198891919,0.45131420303834097,42.7383678999995
128,-86.89380168914795,1.9623081386089325,0.701602023608769,0.17886779809767783,0.5567796610169491,0.7408094435075885,0.5360612345309941,0.8323442200968869,0.9843984962406015,0.4276315789473685,0.45110455841833036,43.05929699999979
129,-86.78693771362305,2.0809875428676605,0.6946880269814503,0.1698750872855468,0.5322033898305085,0.7181281618887014,0.5111020340801254,0.7949982123980537,0.9835526315789473,0.3987525632262474,0.42483660130718953,44.04700199999934
130,-86.80485248565674,2.0736827701330185,0.6962057335581788,0.1723047423049706,0.5398305084745763,0.7194772344013491,0.5124491342115265,0.8000385064618024,0.9843515037593985,0.42770885028949546,0.4618055555555556,44.552212900000086
131,-86.89979553222656,1.988416239619255,0.7046374367622259,0.18411639125914697,0.573728813559322,0.7360876897133222,0.5308164384467635,0.827428078452878,0.9841165413533834,0.41840396445659606,0.44562899786780386,42.686544799999865
132,-86.90326690673828,1.993805319070816,0.703035413153457,0.18039770992025245,0.5601694915254237,0.7354131534569983,0.5301331715324795,0.8235310024066412,0.9838345864661654,0.40874914559125086,0.4336405529953917,44.07990549999977
133,-86.90581798553467,1.9992411136627197,0.7069983136593592,0.1834431002111323,0.5635593220338984,0.7338111298482294,0.528506743268903,0.8163763066202091,0.9839755639097745,0.4112310623242311,0.4233981941963208,45.73613650000061
134,-86.9791316986084,1.9332551211118698,0.7081787521079258,0.1813415753775435,0.55,0.7441821247892074,0.5402670674408205,0.8280728971211065,0.9840695488721805,0.41182950191570883,0.4146270396270396,43.46719479999956
135,-86.90244674682617,2.0166604965925217,0.7104553119730186,0.18413677130044842,0.5567796610169491,0.7296795952782462,0.5242976461655278,0.7968263046564028,0.9841165413533834,0.4131944444444444,0.413768115942029,44.51318309999988
136,-86.98604583740234,1.9390980899333954,0.7090219224283305,0.1813080584370122,0.547457627118644,0.7459527824620573,0.5425959436622968,0.8255137106152952,0.9839285714285715,0.4047264791945643,0.398695652173913,44.882764099999804
137,-86.92181587219238,2.00877845287323,0.7032883642495784,0.17286822845725502,0.523728813559322,0.7293423271500843,0.5238959595715189,0.7986472718279304,0.9838345864661655,0.4019464006259781,0.3997202392436813,41.763300999999956
138,-86.97369575500488,1.9619239121675491,0.7071669477234401,0.18124782816772173,0.5525423728813559,0.7357504215851602,0.5309656247286223,0.8110651077548727,0.9841165413533834,0.41526274939506,0.42612175600291047,42.53986270000041
139,-87.0069408416748,1.9330769777297974,0.7095278246205734,0.18427633538329724,0.5601694915254237,0.745699831365936,0.542013590059172,0.8233744954266329,0.9841165413533834,0.4166666666666667,0.4355072463768116,45.661358700000164
140,-87.00839519500732,1.9358401000499725,0.7075042158516021,0.18039221007372694,0.547457627118644,0.7453625632377741,0.5423696319018405,0.8170864308778254,0.9841635338345864,0.41751315073462725,0.43063862627821725,43.09110830000009
141,-87.02142238616943,1.9264699518680573,0.7099494097807757,0.18418789839266592,0.5584745762711865,0.7446037099494098,0.5415817905261274,0.8151875227612693,0.9847744360902255,0.4383561643835616,0.4448204186203896,42.02360159999989
142,-87.00047492980957,1.9505608826875687,0.7138279932546374,0.1895675740967221,0.5728813559322035,0.7412310286677909,0.537751121954158,0.8086523898400876,0.9844924812030076,0.42712804436942364,0.4279257504713105,44.277521799999704
143,-87.01710224151611,1.9369485974311829,0.7101180438448567,0.18125199270510517,0.5440677966101695,0.7449409780775716,0.5420694921272067,0.8140707376950216,0.9841635338345864,0.4135114885114885,0.406280146633224,42.536737899999935
144,-87.0651912689209,1.8917028605937958,0.718381112984823,0.19474208279847904,0.5838983050847457,0.7516863406408094,0.5498681332818731,0.8226155953387336,0.9846334586466166,0.43102587154130456,0.424210118239969,42.73323760000039
145,-87.05562591552734,1.9035623222589493,0.7135750421585161,0.18337981570658213,0.5440677966101695,0.7513490725126475,0.5498106961916032,0.818946299216808,0.9839755639097745,0.40493319630010277,0.3920289855072464,43.82167589999972
146,-87.05845355987549,1.9029172509908676,0.7156829679595278,0.18667571101667213,0.5533898305084746,0.7488195615514335,0.5468798656859455,0.8126445922498554,0.9840695488721805,0.40722521950703483,0.3898042256251212,42.45914079999966
147,-87.02542781829834,1.9378915429115295,0.7134064080944351,0.18183353894234722,0.5372881355932204,0.7418212478920743,0.5388808539736523,0.7994332195940741,0.9840225563909775,0.4051094890510949,0.3862745098039216,42.24325919999956
148,-87.10076332092285,1.8641795217990875,0.7182967959527824,0.18924026760367657,0.5576271186440678,0.7596121416526138,0.5596372906205128,0.8283130035988407,0.9848214285714285,0.43692002919403605,0.421037296037296,43.66375630000039
149,-87.09813117980957,1.868445724248886,0.7172006745362562,0.18546682348906618,0.5432203389830509,0.7540472175379427,0.5532041657729797,0.8172895437950866,0.9842575187969924,0.41476250925632074,0.394157740993184,43.49996629999987
150,-87.09726333618164,1.8708151578903198,0.7209949409780776,0.1888289509481838,0.547457627118644,0.7542158516020236,0.5538350311775053,0.8132140862235312,0.9846804511278195,0.4302514193025142,0.4071895424836601,43.463349599999674
151,-87.14884281158447,1.8204306066036224,0.7236930860033727,0.19171760577213032,0.5525423728813559,0.7674536256323777,0.5705910413508963,0.8211887933396769,0.9847274436090225,0.42970737913486007,0.3923611111111111,42.35932869999942
152,-87.11084842681885,1.8595284968614578,0.7245362563237774,0.19063158997595878,0.5449152542372881,0.7584317032040473,0.5603152309358123,0.8011845370925181,0.9844454887218045,0.41695491412213737,0.375,42.836844600000404
153,-87.1019983291626,1.8693718314170837,0.725716694772344,0.19142647976403188,0.5449152542372881,0.754300168634064,0.5555356579934674,0.791269468005529,0.9844454887218046,0.41684555754323194,0.37453310696095077,42.481294199999866
154,-87.0783281326294,1.8939561396837234,0.725716694772344,0.19051649119803704,0.5406779661016949,0.7504215851602023,0.5509334415584415,0.7842072084134551,0.9841165413533834,0.4053030303030303,0.3713727004973203,42.47463239999979
155,-87.10546493530273,1.867605298757553,0.7295109612141653,0.19640438753787787,0.5559322033898305,0.7576728499156831,0.5599393443743603,0.7935834160932091,0.9841165413533834,0.4037812888336588,0.3645285748734025,42.83357809999961
156,-87.03579425811768,1.9380507618188858,0.7246205733558179,0.18772374444941653,0.5313559322033898,0.7395446880269815,0.5381403980868802,0.7601602289176004,0.9849624060150376,0.43846153846153846,0.39718967277677836,43.14910819999932
157,-87.13475227355957,1.8395382910966873,0.728752107925801,0.19605196320727364,0.5567796610169492,0.7561551433389545,0.5582582236251058,0.7890723664905002,0.9845864661654136,0.42366412213740456,0.38466407010710807,42.31921650000004
158,-87.11592674255371,1.8589210510253906,0.7236087689713322,0.18779715412314135,0.5347457627118644,0.7582630691399663,0.5606346336388986,0.7951044631368418,0.9844924812030076,0.41981351981351983,0.3819444444444444,42.4963843000005
159,-87.1153974533081,1.86014786362648,0.7241146711635751,0.18886531960794306,0.538135593220339,0.7539629005059022,0.5552899868860781,0.7892285263419284,0.9849624060150376,0.4398496240601504,0.40602794025233235,42.78688950000014
160,-87.20067501068115,1.7751772701740265,0.7323777403035413,0.20185431804385706,0.5720338983050848,0.7719224283305227,0.5772985663411258,0.8166069725888,0.9846804511278195,0.4259598364157968,0.3790947858112037,42.030524400000104
161,-87.09060668945312,1.885681375861168,0.7261382799325464,0.188553764775388,0.5305084745762711,0.7510118043844857,0.5520455417048462,0.7785904664343277,0.9850563909774437,0.4412805957394861,0.3925006028454304,43.58976859999984
162,-87.1426773071289,1.8340615183115005,0.7311973018549747,0.1981305775322177,0.5584745762711865,0.7591905564924115,0.5621451304388138,0.7917401921435754,0.9845394736842106,0.42095062022900764,0.3785641916341005,44.12510350000048
163,-87.1809196472168,1.795945167541504,0.7353288364249578,0.20307827674720158,0.5677966101694916,0.7717537942664419,0.577719533845066,0.8104997922468875,0.9839285714285715,0.39508324818176355,0.35391304347826086,42.02419049999935
164,-87.14417457580566,1.8329600989818573,0.7325463743676223,0.19615496292325563,0.5449152542372881,0.7618043844856661,0.5658745677842905,0.7910852007450158,0.9845864661654136,0.4180327868852459,0.3551806291632226,43.10199759999978
165,-87.15503215789795,1.8224237114191055,0.734991568296796,0.20048594209668036,0.5567796610169491,0.7631534569983136,0.5676075206567623,0.7919698946728315,0.9846334586466166,0.42160278745644597,0.3659544641562334,42.99359100000038
166,-87.18331813812256,1.7941414564847946,0.7354131534569983,0.20024277305781552,0.5542372881355933,0.7675379426644182,0.5731313497073576,0.7980654475842625,0.9846334586466166,0.4235359251968504,0.3756521739130435,43.447623699999895
167,-87.23636150360107,1.7413496226072311,0.7388701517706577,0.2038906334819864,0.5593220338983051,0.7777403035413153,0.5859855569409809,0.8135284338823681,0.9846334586466166,0.4247763864042934,0.3819444444444444,45.85858339999959
168,-87.14534282684326,1.8325909227132797,0.7376053962900506,0.19868995633187772,0.5398305084745763,0.7588532883642496,0.5631406694325336,0.7756063715561017,0.9841165413533834,0.40384615384615385,0.3659950114931286,43.95107670000016
169,-87.27583408355713,1.7022717744112015,0.7398819561551433,0.20262282682012953,0.55,0.7873524451939292,0.5986588115489053,0.823824432576769,0.9845394736842106,0.42241179872758816,0.38581130244967254,43.56236420000005
170,-87.2113561630249,1.7668799310922623,0.7416526138279933,0.20507189437925227,0.5550847457627119,0.7737774030354132,0.5832726838511336,0.7873533067792986,0.9845394736842106,0.42051235465116277,0.37352478363493313,43.30130160000044
171,-87.14767932891846,1.8305232375860214,0.7391231028667791,0.20038072384582056,0.5423728813559322,0.7618043844856661,0.5682078181220183,0.7662485445557436,0.9847274436090225,0.4292131532589548,0.38910675381263615,43.65240819999963
172,-87.21885204315186,1.7594808340072632,0.7416526138279933,0.20396597768717803,0.55,0.7748735244519394,0.5849367604204618,0.7890395200219198,0.9848684210526316,0.4346153846153846,0.39333009944215375,43.63629250000031
173,-87.17031955718994,1.808144673705101,0.745699831365936,0.21167169539294495,0.5711864406779661,0.76247892074199,0.5691400488061447,0.7702658554963866,0.9849624060150376,0.43792067307692306,0.39295366795366793,43.10262789999979
174,-87.23554134368896,1.7429158836603165,0.7442664418212479,0.20672049023215322,0.5533898305084746,0.7775716694772344,0.5887271506833447,0.7894413612276717,0.9845864661654136,0.42125984251968507,0.37088509692077154,41.7361748000003
175,-87.25780010223389,1.72073595225811,0.7426644182124789,0.20210734023759747,0.5381355932203389,0.7788364249578414,0.5906309313436744,0.7894961071376363,0.9846334586466166,0.42234920634920636,0.36822303685124447,43.71464610000021
176,-87.24159717559814,1.7371776700019836,0.7481450252951096,0.21308798199295692,0.5686440677966101,0.7788364249578414,0.5908579231445334,0.7880845758519555,0.9844454887218045,0.41639413759689925,0.3714733542319749,43.695816999999806
177,-87.27724075317383,1.7014273256063461,0.7441821247892074,0.2070201557672729,0.5550847457627118,0.7829679595278246,0.595772217428818,0.7982325986904855,0.9843984962406015,0.4119943676395289,0.35763202314926457,43.69086569999945
178,-87.26722240447998,1.711605116724968,0.7435075885328837,0.20704845814977973,0.5576271186440678,0.7812816188870152,0.593210174958207,0.7978323446221622,0.9847744360902255,0.42866141732283464,0.3755498622323198,42.7312436000002
179,-87.20685958862305,1.7718031257390976,0.7430860033726813,0.20800507985707523,0.5635593220338984,0.7704047217537943,0.5791836303314922,0.7805164460489371,0.9843984962406015,0.4133858267716536,0.36535947712418304,43.269709900000635
180,-87.20012187957764,1.7786209285259247,0.7430860033726814,0.20911399642792494,0.5686440677966101,0.771079258010118,0.579842996506283,0.7836901488714305,0.9846334586466166,0.4245676803816339,0.3835978835978836,42.72975039999983
181,-87.2860860824585,1.6927532106637955,0.7459527824620573,0.21224255300356143,0.5728813559322034,0.7846543001686341,0.5977559040733103,0.801859159893625,0.9847274436090225,0.4279009205426356,0.38169934640522873,43.25174220000008
182,-87.2610092163086,1.7179015278816223,0.7510961214165262,0.21838969898800478,0.5822033898305085,0.7801011804384486,0.5923314303839396,0.7907042654104376,0.9846804511278195,0.42578125,0.3785641916341005,43.878766000000724
183,-87.2316837310791,1.747179925441742,0.7535413153456998,0.2198817140306502,0.5796610169491525,0.7747048903878584,0.5861889634755488,0.7760841421031921,0.9849154135338346,0.43497687789026374,0.3827160493827161,42.56146750000062
184,-87.257399559021,1.7214556783437729,0.7519392917369309,0.21689631245043617,0.5720338983050848,0.7769814502529511,0.589600028482791,0.7763770619008286,0.9848214285714285,0.42970967741935484,0.37164769438549106,43.1622625
185,-87.26606845855713,1.7128490656614304,0.7507588532883642,0.2155646625452659,0.5703389830508474,0.7826306913996628,0.5964852666681528,0.7897880945570961,0.9851503759398497,0.44295346377578,0.3782747141409755,42.28325989999939
186,-87.28915691375732,1.689794808626175,0.7565767284991569,0.22441182628075362,0.5889830508474576,0.783389544688027,0.5977395958638296,0.7888611515305237,0.9852443609022556,0.44799999999999995,0.38835045551463465,42.05132809999941
187,-87.33535289764404,1.6436003893613815,0.7557335581787521,0.22026742373730723,0.5728813559322035,0.7935075885328836,0.6113733365738432,0.8040445946638541,0.9851503759398497,0.44403252032520324,0.3803921568627451,43.26966919999904
188,-87.2395372390747,1.7394749075174332,0.7535413153456998,0.2154720630042652,0.5593220338983051,0.7706576728499157,0.5819233294216686,0.7608527572104461,0.9850093984962406,0.43722134801993184,0.3763326226012793,42.96541239999897
189,-87.26374626159668,1.715245321393013,0.754300168634064,0.21666831845583912,0.561864406779661,0.7811973018549747,0.5958045527696738,0.7786378623444163,0.9847744360902255,0.4262295081967213,0.3611111111111111,42.39292780000142
190,-87.34496116638184,1.6339001804590225,0.757504215851602,0.22305933939914424,0.5788135593220339,0.7944350758853289,0.6133244798583444,0.8006082842911693,0.9846804511278195,0.4214876033057851,0.3542802025560646,42.86883660000058
191,-87.26513862609863,1.713893637061119,0.756070826306914,0.2200105156516498,0.5703389830508474,0.777318718381113,0.590806801916454,0.7717731637074755,0.9847744360902255,0.42489061740398637,0.35432880553004303,43.051673399999345
192,-87.32245922088623,1.6565290838479996,0.756408094435076,0.22337034894444724,0.5847457627118644,0.7893760539629004,0.6063974415677202,0.796066912645938,0.9847274436090225,0.4245375836284927,0.36399613899613903,41.47659070000009
193,-87.28488445281982,1.6941261291503906,0.7540472175379427,0.2190178383031172,0.573728813559322,0.7840640809443508,0.5990006566368604,0.7904889257513308,0.9843984962406015,0.41472868217054265,0.3720969533098354,44.38278490000084
194,-87.2923994064331,1.6866099834442139,0.7565767284991568,0.22369625710235014,0.5855932203389831,0.7822934232715009,0.596700610399828,0.7843800748947627,0.9850563909774437,0.4423076923076923,0.39924812030075185,41.746248399998876
195,-87.2850751876831,1.6938914358615875,0.7571669477234402,0.22509702457956016,0.5898305084745763,0.7811973018549747,0.5953646935259187,0.7813935246995994,0.9845864661654136,0.4225220893189878,0.3789855072463768,42.087166700001035
196,-87.31753826141357,1.6615042835474014,0.7489881956155143,0.20913282972676128,0.547457627118644,0.7862563237774031,0.6020785177736343,0.7897023169002614,0.9851503759398497,0.4465034965034965,0.4061972510248372,41.718430900000385
197,-87.29652881622314,1.682412251830101,0.7526138279932546,0.21746134020618557,0.5720338983050848,0.7846543001686341,0.6016467877201505,0.7751861147485329,0.9849154135338346,0.4349143857017873,0.38153133593863076,42.610041300000375
198,-87.31543064117432,1.6637121140956879,0.7556492411467116,0.22308188265635076,0.5864406779661017,0.788026981450253,0.6060402684563759,0.7840357668887652,0.9847274436090225,0.4267279090113736,0.37429193899782137,43.67104810000092
199,-87.3015546798706,1.6774974018335342,0.7580101180438449,0.22725293063215468,0.5966101694915253,0.7865935919055649,0.6042736328889156,0.7795159834774308,0.9848214285714285,0.4314714566929134,0.38281853281853284,43.76979229999961
